season,matchday,match_id,kickoff_ts,home_team,away_team,home_goals,away_goals
2023-demo,1,2023-D01-M1,2023-08-05T15:00:00+00:00,Atlas FC,Boreal United,3,1
2023-demo,1,2023-D01-M2,2023-08-05T18:00:00+00:00,Comet City,Dynamo Rovers,1,2
2023-demo,2,2023-D02-M1,2023-08-12T15:00:00+00:00,Atlas FC,Comet City,0,1
2023-demo,2,2023-D02-M2,2023-08-12T18:00:00+00:00,Boreal United,Dynamo Rovers,2,2
2023-demo,3,2023-D03-M1,2023-08-19T15:00:00+00:00,Atlas FC,Dynamo Rovers,1,1
2023-demo,3,2023-D03-M2,2023-08-19T18:00:00+00:00,Boreal United,Comet City,3,2
2023-demo,4,2023-D04-M1,2023-08-26T15:00:00+00:00,Boreal United,Atlas FC,2,1
2023-demo,4,2023-D04-M2,2023-08-26T18:00:00+00:00,Dynamo Rovers,Comet City,0,2
2023-demo,5,2023-D05-M1,2023-09-02T15:00:00+00:00,Comet City,Atlas FC,3,1
2023-demo,5,2023-D05-M2,2023-09-02T18:00:00+00:00,Dynamo Rovers,Boreal United,1,2
2023-demo,6,2023-D06-M1,2023-09-09T15:00:00+00:00,Dynamo Rovers,Atlas FC,0,1
2023-demo,6,2023-D06-M2,2023-09-09T18:00:00+00:00,Comet City,Boreal United,2,2
2023-demo,7,2023-D07-M1,2023-09-16T15:00:00+00:00,Atlas FC,Boreal United,1,1
2023-demo,7,2023-D07-M2,2023-09-16T18:00:00+00:00,Comet City,Dynamo Rovers,3,2
2023-demo,8,2023-D08-M1,2023-09-23T15:00:00+00:00,Atlas FC,Comet City,2,1
2023-demo,8,2023-D08-M2,2023-09-23T18:00:00+00:00,Boreal United,Dynamo Rovers,0,2
2023-demo,9,2023-D09-M1,2023-09-30T15:00:00+00:00,Atlas FC,Dynamo Rovers,3,1
2023-demo,9,2023-D09-M2,2023-09-30T18:00:00+00:00,Boreal United,Comet City,1,2
2023-demo,10,2023-D10-M1,2023-10-07T15:00:00+00:00,Boreal United,Atlas FC,0,1
2023-demo,10,2023-D10-M2,2023-10-07T18:00:00+00:00,Dynamo Rovers,Comet City,2,2
2024-demo,1,2024-D01-M1,2024-08-05T15:00:00+00:00,Atlas FC,Boreal United,0,0
2024-demo,1,2024-D01-M2,2024-08-05T18:00:00+00:00,Comet City,Dynamo Rovers,2,1
2024-demo,2,2024-D02-M1,2024-08-12T15:00:00+00:00,Atlas FC,Comet City,1,0
2024-demo,2,2024-D02-M2,2024-08-12T18:00:00+00:00,Boreal United,Dynamo Rovers,3,1
2024-demo,3,2024-D03-M1,2024-08-19T15:00:00+00:00,Atlas FC,Dynamo Rovers,2,0
2024-demo,3,2024-D03-M2,2024-08-19T18:00:00+00:00,Boreal United,Comet City,0,1
2024-demo,4,2024-D04-M1,2024-08-26T15:00:00+00:00,Boreal United,Atlas FC,3,0
2024-demo,4,2024-D04-M2,2024-08-26T18:00:00+00:00,Dynamo Rovers,Comet City,1,1
2024-demo,5,2024-D05-M1,2024-09-02T15:00:00+00:00,Comet City,Atlas FC,0,0
2024-demo,5,2024-D05-M2,2024-09-02T18:00:00+00:00,Dynamo Rovers,Boreal United,2,1
2024-demo,6,2024-D06-M1,2024-09-09T15:00:00+00:00,Dynamo Rovers,Atlas FC,1,0
2024-demo,6,2024-D06-M2,2024-09-09T18:00:00+00:00,Comet City,Boreal United,3,1
2024-demo,7,2024-D07-M1,2024-09-16T15:00:00+00:00,Atlas FC,Boreal United,2,0
2024-demo,7,2024-D07-M2,2024-09-16T18:00:00+00:00,Comet City,Dynamo Rovers,0,1
2024-demo,8,2024-D08-M1,2024-09-23T15:00:00+00:00,Atlas FC,Comet City,3,0
2024-demo,8,2024-D08-M2,2024-09-23T18:00:00+00:00,Boreal United,Dynamo Rovers,1,1
2024-demo,9,2024-D09-M1,2024-09-30T15:00:00+00:00,Atlas FC,Dynamo Rovers,0,0
2024-demo,9,2024-D09-M2,2024-09-30T18:00:00+00:00,Boreal United,Comet City,2,1
2024-demo,10,2024-D10-M1,2024-10-07T15:00:00+00:00,Boreal United,Atlas FC,1,0
2024-demo,10,2024-D10-M2,2024-10-07T18:00:00+00:00,Dynamo Rovers,Comet City,3,1
2025-demo,1,2025-D01-M1,2025-08-05T15:00:00+00:00,Atlas FC,Boreal United,1,2
2025-demo,1,2025-D01-M2,2025-08-05T18:00:00+00:00,Comet City,Dynamo Rovers,3,0
2025-demo,2,2025-D02-M1,2025-08-12T15:00:00+00:00,Atlas FC,Comet City,2,2
2025-demo,2,2025-D02-M2,2025-08-12T18:00:00+00:00,Boreal United,Dynamo Rovers,0,0
2025-demo,3,2025-D03-M1,2025-08-19T15:00:00+00:00,Atlas FC,Dynamo Rovers,3,2
2025-demo,3,2025-D03-M2,2025-08-19T18:00:00+00:00,Boreal United,Comet City,1,0
2025-demo,4,2025-D04-M1,2025-08-26T15:00:00+00:00,Boreal United,Atlas FC,0,2
2025-demo,4,2025-D04-M2,2025-08-26T18:00:00+00:00,Dynamo Rovers,Comet City,2,0
2025-demo,5,2025-D05-M1,2025-09-02T15:00:00+00:00,Comet City,Atlas FC,1,2
2025-demo,5,2025-D05-M2,2025-09-02T18:00:00+00:00,Dynamo Rovers,Boreal United,3,0
2025-demo,6,2025-D06-M1,2025-09-09T15:00:00+00:00,Dynamo Rovers,Atlas FC,2,2
2025-demo,6,2025-D06-M2,2025-09-09T18:00:00+00:00,Comet City,Boreal United,0,0
2025-demo,7,2025-D07-M1,2025-09-16T15:00:00+00:00,Atlas FC,Boreal United,3,2
2025-demo,7,2025-D07-M2,2025-09-16T18:00:00+00:00,Comet City,Dynamo Rovers,1,0
2025-demo,8,2025-D08-M1,2025-09-23T15:00:00+00:00,Atlas FC,Comet City,0,2
2025-demo,8,2025-D08-M2,2025-09-23T18:00:00+00:00,Boreal United,Dynamo Rovers,2,0
2025-demo,9,2025-D09-M1,2025-09-30T15:00:00+00:00,Atlas FC,Dynamo Rovers,1,2
2025-demo,9,2025-D09-M2,2025-09-30T18:00:00+00:00,Boreal United,Comet City,3,0
2025-demo,10,2025-D10-M1,2025-10-07T15:00:00+00:00,Boreal United,Atlas FC,2,2
2025-demo,10,2025-D10-M2,2025-10-07T18:00:00+00:00,Dynamo Rovers,Comet City,0,0
