season,matchday,match_id,player_id,player_name,team,minutes,goals,assists,shots,tackles,passes_completed
2023-demo,1,2023-D01-M1,AT1,Atlas Player 1,Atlas FC,90,1,0,3,3,29
2023-demo,1,2023-D01-M1,AT2,Atlas Player 2,Atlas FC,90,1,0,4,4,36
2023-demo,1,2023-D01-M1,AT3,Atlas Player 3,Atlas FC,90,1,1,2,5,43
2023-demo,1,2023-D01-M1,BO1,Boreal Player 1,Boreal United,90,1,0,3,5,26
2023-demo,1,2023-D01-M1,BO2,Boreal Player 2,Boreal United,90,0,0,3,1,33
2023-demo,1,2023-D01-M1,BO3,Boreal Player 3,Boreal United,90,0,1,1,2,40
2023-demo,1,2023-D01-M2,CO1,Comet Player 1,Comet City,90,1,0,3,4,29
2023-demo,1,2023-D01-M2,CO2,Comet Player 2,Comet City,90,0,0,3,5,36
2023-demo,1,2023-D01-M2,CO3,Comet Player 3,Comet City,90,0,1,1,1,43
2023-demo,1,2023-D01-M2,DY1,Dynamo Player 1,Dynamo Rovers,90,1,0,3,3,26
2023-demo,1,2023-D01-M2,DY2,Dynamo Player 2,Dynamo Rovers,90,1,0,4,4,33
2023-demo,1,2023-D01-M2,DY3,Dynamo Player 3,Dynamo Rovers,90,0,1,1,5,40
2023-demo,2,2023-D02-M1,AT1,Atlas Player 1,Atlas FC,90,0,0,3,4,31
2023-demo,2,2023-D02-M1,AT2,Atlas Player 2,Atlas FC,90,0,0,1,5,38
2023-demo,2,2023-D02-M1,AT3,Atlas Player 3,Atlas FC,90,0,0,2,1,45
2023-demo,2,2023-D02-M1,CO1,Comet Player 1,Comet City,90,1,0,4,3,28
2023-demo,2,2023-D02-M1,CO2,Comet Player 2,Comet City,90,0,0,1,4,35
2023-demo,2,2023-D02-M1,CO3,Comet Player 3,Comet City,90,0,1,2,5,42
2023-demo,2,2023-D02-M2,BO1,Boreal Player 1,Boreal United,90,1,0,4,5,31
2023-demo,2,2023-D02-M2,BO2,Boreal Player 2,Boreal United,90,1,0,2,1,38
2023-demo,2,2023-D02-M2,BO3,Boreal Player 3,Boreal United,90,0,1,2,2,45
2023-demo,2,2023-D02-M2,DY1,Dynamo Player 1,Dynamo Rovers,90,1,0,4,5,28
2023-demo,2,2023-D02-M2,DY2,Dynamo Player 2,Dynamo Rovers,90,1,0,2,1,35
2023-demo,2,2023-D02-M2,DY3,Dynamo Player 3,Dynamo Rovers,90,0,1,2,2,42
2023-demo,3,2023-D03-M1,AT1,Atlas Player 1,Atlas FC,90,1,0,2,5,33
2023-demo,3,2023-D03-M1,AT2,Atlas Player 2,Atlas FC,90,0,0,2,1,40
2023-demo,3,2023-D03-M1,AT3,Atlas Player 3,Atlas FC,90,0,1,3,2,47
2023-demo,3,2023-D03-M1,DY1,Dynamo Player 1,Dynamo Rovers,90,1,0,2,5,30
2023-demo,3,2023-D03-M1,DY2,Dynamo Player 2,Dynamo Rovers,90,0,0,2,1,37
2023-demo,3,2023-D03-M1,DY3,Dynamo Player 3,Dynamo Rovers,90,0,1,3,2,44
2023-demo,3,2023-D03-M2,BO1,Boreal Player 1,Boreal United,90,1,0,2,1,33
2023-demo,3,2023-D03-M2,BO2,Boreal Player 2,Boreal United,90,1,0,3,2,40
2023-demo,3,2023-D03-M2,BO3,Boreal Player 3,Boreal United,90,1,1,4,3,47
2023-demo,3,2023-D03-M2,CO1,Comet Player 1,Comet City,90,1,0,2,2,30
2023-demo,3,2023-D03-M2,CO2,Comet Player 2,Comet City,90,1,0,3,3,37
2023-demo,3,2023-D03-M2,CO3,Comet Player 3,Comet City,90,0,1,3,4,44
2023-demo,4,2023-D04-M1,BO1,Boreal Player 1,Boreal United,90,1,0,3,1,35
2023-demo,4,2023-D04-M1,BO2,Boreal Player 2,Boreal United,90,1,0,4,2,42
2023-demo,4,2023-D04-M1,BO3,Boreal Player 3,Boreal United,90,0,1,1,3,49
2023-demo,4,2023-D04-M1,AT1,Atlas Player 1,Atlas FC,90,1,0,3,2,32
2023-demo,4,2023-D04-M1,AT2,Atlas Player 2,Atlas FC,90,0,0,3,3,39
2023-demo,4,2023-D04-M1,AT3,Atlas Player 3,Atlas FC,90,0,1,1,4,46
2023-demo,4,2023-D04-M2,DY1,Dynamo Player 1,Dynamo Rovers,90,0,0,2,2,35
2023-demo,4,2023-D04-M2,DY2,Dynamo Player 2,Dynamo Rovers,90,0,0,3,3,42
2023-demo,4,2023-D04-M2,DY3,Dynamo Player 3,Dynamo Rovers,90,0,0,1,4,49
2023-demo,4,2023-D04-M2,CO1,Comet Player 1,Comet City,90,1,0,3,5,32
2023-demo,4,2023-D04-M2,CO2,Comet Player 2,Comet City,90,1,0,4,1,39
2023-demo,4,2023-D04-M2,CO3,Comet Player 3,Comet City,90,0,1,1,2,46
2023-demo,5,2023-D05-M1,CO1,Comet Player 1,Comet City,90,1,0,4,2,37
2023-demo,5,2023-D05-M1,CO2,Comet Player 2,Comet City,90,1,0,2,3,44
2023-demo,5,2023-D05-M1,CO3,Comet Player 3,Comet City,90,1,1,3,4,51
2023-demo,5,2023-D05-M1,AT1,Atlas Player 1,Atlas FC,90,1,0,4,4,34
2023-demo,5,2023-D05-M1,AT2,Atlas Player 2,Atlas FC,90,0,0,1,5,41
2023-demo,5,2023-D05-M1,AT3,Atlas Player 3,Atlas FC,90,0,1,2,1,48
2023-demo,5,2023-D05-M2,DY1,Dynamo Player 1,Dynamo Rovers,90,1,0,4,3,37
2023-demo,5,2023-D05-M2,DY2,Dynamo Player 2,Dynamo Rovers,90,0,0,1,4,44
2023-demo,5,2023-D05-M2,DY3,Dynamo Player 3,Dynamo Rovers,90,0,1,2,5,51
2023-demo,5,2023-D05-M2,BO1,Boreal Player 1,Boreal United,90,1,0,4,2,34
2023-demo,5,2023-D05-M2,BO2,Boreal Player 2,Boreal United,90,1,0,2,3,41
2023-demo,5,2023-D05-M2,BO3,Boreal Player 3,Boreal United,90,0,1,2,4,48
2023-demo,6,2023-D06-M1,DY1,Dynamo Player 1,Dynamo Rovers,90,0,0,1,3,39
2023-demo,6,2023-D06-M1,DY2,Dynamo Player 2,Dynamo Rovers,90,0,0,2,4,46
2023-demo,6,2023-D06-M1,DY3,Dynamo Player 3,Dynamo Rovers,90,0,0,3,5,53
2023-demo,6,2023-D06-M1,AT1,Atlas Player 1,Atlas FC,90,1,0,2,2,36
2023-demo,6,2023-D06-M1,AT2,Atlas Player 2,Atlas FC,90,0,0,2,3,43
2023-demo,6,2023-D06-M1,AT3,Atlas Player 3,Atlas FC,90,0,1,3,4,50
2023-demo,6,2023-D06-M2,CO1,Comet Player 1,Comet City,90,1,0,2,4,39
2023-demo,6,2023-D06-M2,CO2,Comet Player 2,Comet City,90,1,0,3,5,46
2023-demo,6,2023-D06-M2,CO3,Comet Player 3,Comet City,90,0,1,3,1,53
2023-demo,6,2023-D06-M2,BO1,Boreal Player 1,Boreal United,90,1,0,2,4,36
2023-demo,6,2023-D06-M2,BO2,Boreal Player 2,Boreal United,90,1,0,3,5,43
2023-demo,6,2023-D06-M2,BO3,Boreal Player 3,Boreal United,90,0,1,3,1,50
2023-demo,7,2023-D07-M1,AT1,Atlas Player 1,Atlas FC,90,1,0,3,4,41
2023-demo,7,2023-D07-M1,AT2,Atlas Player 2,Atlas FC,90,0,0,3,5,48
2023-demo,7,2023-D07-M1,AT3,Atlas Player 3,Atlas FC,90,0,1,1,1,55
2023-demo,7,2023-D07-M1,BO1,Boreal Player 1,Boreal United,90,1,0,3,4,38
2023-demo,7,2023-D07-M1,BO2,Boreal Player 2,Boreal United,90,0,0,3,5,45
2023-demo,7,2023-D07-M1,BO3,Boreal Player 3,Boreal United,90,0,1,1,1,52
2023-demo,7,2023-D07-M2,CO1,Comet Player 1,Comet City,90,1,0,3,5,41
2023-demo,7,2023-D07-M2,CO2,Comet Player 2,Comet City,90,1,0,4,1,48
2023-demo,7,2023-D07-M2,CO3,Comet Player 3,Comet City,90,1,1,2,2,55
2023-demo,7,2023-D07-M2,DY1,Dynamo Player 1,Dynamo Rovers,90,1,0,3,1,38
2023-demo,7,2023-D07-M2,DY2,Dynamo Player 2,Dynamo Rovers,90,1,0,4,2,45
2023-demo,7,2023-D07-M2,DY3,Dynamo Player 3,Dynamo Rovers,90,0,1,1,3,52
2023-demo,8,2023-D08-M1,AT1,Atlas Player 1,Atlas FC,90,1,0,4,5,43
2023-demo,8,2023-D08-M1,AT2,Atlas Player 2,Atlas FC,90,1,0,2,1,50
2023-demo,8,2023-D08-M1,AT3,Atlas Player 3,Atlas FC,90,0,1,2,2,57
2023-demo,8,2023-D08-M1,CO1,Comet Player 1,Comet City,90,1,0,4,1,40
2023-demo,8,2023-D08-M1,CO2,Comet Player 2,Comet City,90,0,0,1,2,47
2023-demo,8,2023-D08-M1,CO3,Comet Player 3,Comet City,90,0,1,2,3,54
2023-demo,8,2023-D08-M2,BO1,Boreal Player 1,Boreal United,90,0,0,3,1,43
2023-demo,8,2023-D08-M2,BO2,Boreal Player 2,Boreal United,90,0,0,1,2,50
2023-demo,8,2023-D08-M2,BO3,Boreal Player 3,Boreal United,90,0,0,2,3,57
2023-demo,8,2023-D08-M2,DY1,Dynamo Player 1,Dynamo Rovers,90,1,0,4,4,40
2023-demo,8,2023-D08-M2,DY2,Dynamo Player 2,Dynamo Rovers,90,1,0,2,5,47
2023-demo,8,2023-D08-M2,DY3,Dynamo Player 3,Dynamo Rovers,90,0,1,2,1,54
2023-demo,9,2023-D09-M1,AT1,Atlas Player 1,Atlas FC,90,1,0,2,1,45
2023-demo,9,2023-D09-M1,AT2,Atlas Player 2,Atlas FC,90,1,0,3,2,52
2023-demo,9,2023-D09-M1,AT3,Atlas Player 3,Atlas FC,90,1,1,4,3,59
2023-demo,9,2023-D09-M1,DY1,Dynamo Player 1,Dynamo Rovers,90,1,0,2,3,42
2023-demo,9,2023-D09-M1,DY2,Dynamo Player 2,Dynamo Rovers,90,0,0,2,4,49
2023-demo,9,2023-D09-M1,DY3,Dynamo Player 3,Dynamo Rovers,90,0,1,3,5,56
2023-demo,9,2023-D09-M2,BO1,Boreal Player 1,Boreal United,90,1,0,2,2,45
2023-demo,9,2023-D09-M2,BO2,Boreal Player 2,Boreal United,90,0,0,2,3,52
2023-demo,9,2023-D09-M2,BO3,Boreal Player 3,Boreal United,90,0,1,3,4,59
2023-demo,9,2023-D09-M2,CO1,Comet Player 1,Comet City,90,1,0,2,1,42
2023-demo,9,2023-D09-M2,CO2,Comet Player 2,Comet City,90,1,0,3,2,49
2023-demo,9,2023-D09-M2,CO3,Comet Player 3,Comet City,90,0,1,3,3,56
2023-demo,10,2023-D10-M1,BO1,Boreal Player 1,Boreal United,90,0,0,2,2,47
2023-demo,10,2023-D10-M1,BO2,Boreal Player 2,Boreal United,90,0,0,3,3,54
2023-demo,10,2023-D10-M1,BO3,Boreal Player 3,Boreal United,90,0,0,1,4,61
2023-demo,10,2023-D10-M1,AT1,Atlas Player 1,Atlas FC,90,1,0,3,1,44
2023-demo,10,2023-D10-M1,AT2,Atlas Player 2,Atlas FC,90,0,0,3,2,51
2023-demo,10,2023-D10-M1,AT3,Atlas Player 3,Atlas FC,90,0,1,1,3,58
2023-demo,10,2023-D10-M2,DY1,Dynamo Player 1,Dynamo Rovers,90,1,0,3,3,47
2023-demo,10,2023-D10-M2,DY2,Dynamo Player 2,Dynamo Rovers,90,1,0,4,4,54
2023-demo,10,2023-D10-M2,DY3,Dynamo Player 3,Dynamo Rovers,90,0,1,1,5,61
2023-demo,10,2023-D10-M2,CO1,Comet Player 1,Comet City,90,1,0,3,3,44
2023-demo,10,2023-D10-M2,CO2,Comet Player 2,Comet City,90,1,0,4,4,51
2023-demo,10,2023-D10-M2,CO3,Comet Player 3,Comet City,90,0,1,1,5,58
2024-demo,1,2024-D01-M1,AT1,Atlas Player 1,Atlas FC,90,0,0,2,2,29
2024-demo,1,2024-D01-M1,AT2,Atlas Player 2,Atlas FC,90,0,0,3,3,36
2024-demo,1,2024-D01-M1,AT3,Atlas Player 3,Atlas FC,90,0,0,1,4,43
2024-demo,1,2024-D01-M1,BO1,Boreal Player 1,Boreal United,90,0,0,2,2,26
2024-demo,1,2024-D01-M1,BO2,Boreal Player 2,Boreal United,90,0,0,3,3,33
2024-demo,1,2024-D01-M1,BO3,Boreal Player 3,Boreal United,90,0,0,1,4,40
2024-demo,1,2024-D01-M2,CO1,Comet Player 1,Comet City,90,1,0,3,3,29
2024-demo,1,2024-D01-M2,CO2,Comet Player 2,Comet City,90,1,0,4,4,36
2024-demo,1,2024-D01-M2,CO3,Comet Player 3,Comet City,90,0,1,1,5,43
2024-demo,1,2024-D01-M2,DY1,Dynamo Player 1,Dynamo Rovers,90,1,0,3,4,26
2024-demo,1,2024-D01-M2,DY2,Dynamo Player 2,Dynamo Rovers,90,0,0,3,5,33
2024-demo,1,2024-D01-M2,DY3,Dynamo Player 3,Dynamo Rovers,90,0,1,1,1,40
2024-demo,2,2024-D02-M1,AT1,Atlas Player 1,Atlas FC,90,1,0,4,3,31
2024-demo,2,2024-D02-M1,AT2,Atlas Player 2,Atlas FC,90,0,0,1,4,38
2024-demo,2,2024-D02-M1,AT3,Atlas Player 3,Atlas FC,90,0,1,2,5,45
2024-demo,2,2024-D02-M1,CO1,Comet Player 1,Comet City,90,0,0,3,4,28
2024-demo,2,2024-D02-M1,CO2,Comet Player 2,Comet City,90,0,0,1,5,35
2024-demo,2,2024-D02-M1,CO3,Comet Player 3,Comet City,90,0,0,2,1,42
2024-demo,2,2024-D02-M2,BO1,Boreal Player 1,Boreal United,90,1,0,4,4,31
2024-demo,2,2024-D02-M2,BO2,Boreal Player 2,Boreal United,90,1,0,2,5,38
2024-demo,2,2024-D02-M2,BO3,Boreal Player 3,Boreal United,90,1,1,3,1,45
2024-demo,2,2024-D02-M2,DY1,Dynamo Player 1,Dynamo Rovers,90,1,0,4,1,28
2024-demo,2,2024-D02-M2,DY2,Dynamo Player 2,Dynamo Rovers,90,0,0,1,2,35
2024-demo,2,2024-D02-M2,DY3,Dynamo Player 3,Dynamo Rovers,90,0,1,2,3,42
2024-demo,3,2024-D03-M1,AT1,Atlas Player 1,Atlas FC,90,1,0,2,4,33
2024-demo,3,2024-D03-M1,AT2,Atlas Player 2,Atlas FC,90,1,0,3,5,40
2024-demo,3,2024-D03-M1,AT3,Atlas Player 3,Atlas FC,90,0,1,3,1,47
2024-demo,3,2024-D03-M1,DY1,Dynamo Player 1,Dynamo Rovers,90,0,0,1,1,30
2024-demo,3,2024-D03-M1,DY2,Dynamo Player 2,Dynamo Rovers,90,0,0,2,2,37
2024-demo,3,2024-D03-M1,DY3,Dynamo Player 3,Dynamo Rovers,90,0,0,3,3,44
2024-demo,3,2024-D03-M2,BO1,Boreal Player 1,Boreal United,90,0,0,1,5,33
2024-demo,3,2024-D03-M2,BO2,Boreal Player 2,Boreal United,90,0,0,2,1,40
2024-demo,3,2024-D03-M2,BO3,Boreal Player 3,Boreal United,90,0,0,3,2,47
2024-demo,3,2024-D03-M2,CO1,Comet Player 1,Comet City,90,1,0,2,4,30
2024-demo,3,2024-D03-M2,CO2,Comet Player 2,Comet City,90,0,0,2,5,37
2024-demo,3,2024-D03-M2,CO3,Comet Player 3,Comet City,90,0,1,3,1,44
2024-demo,4,2024-D04-M1,BO1,Boreal Player 1,Boreal United,90,1,0,3,5,35
2024-demo,4,2024-D04-M1,BO2,Boreal Player 2,Boreal United,90,1,0,4,1,42
2024-demo,4,2024-D04-M1,BO3,Boreal Player 3,Boreal United,90,1,1,2,2,49
2024-demo,4,2024-D04-M1,AT1,Atlas Player 1,Atlas FC,90,0,0,2,3,32
2024-demo,4,2024-D04-M1,AT2,Atlas Player 2,Atlas FC,90,0,0,3,4,39
2024-demo,4,2024-D04-M1,AT3,Atlas Player 3,Atlas FC,90,0,0,1,5,46
2024-demo,4,2024-D04-M2,DY1,Dynamo Player 1,Dynamo Rovers,90,1,0,3,1,35
2024-demo,4,2024-D04-M2,DY2,Dynamo Player 2,Dynamo Rovers,90,0,0,3,2,42
2024-demo,4,2024-D04-M2,DY3,Dynamo Player 3,Dynamo Rovers,90,0,1,1,3,49
2024-demo,4,2024-D04-M2,CO1,Comet Player 1,Comet City,90,1,0,3,1,32
2024-demo,4,2024-D04-M2,CO2,Comet Player 2,Comet City,90,0,0,3,2,39
2024-demo,4,2024-D04-M2,CO3,Comet Player 3,Comet City,90,0,1,1,3,46
2024-demo,5,2024-D05-M1,CO1,Comet Player 1,Comet City,90,0,0,3,1,37
2024-demo,5,2024-D05-M1,CO2,Comet Player 2,Comet City,90,0,0,1,2,44
2024-demo,5,2024-D05-M1,CO3,Comet Player 3,Comet City,90,0,0,2,3,51
2024-demo,5,2024-D05-M1,AT1,Atlas Player 1,Atlas FC,90,0,0,3,1,34
2024-demo,5,2024-D05-M1,AT2,Atlas Player 2,Atlas FC,90,0,0,1,2,41
2024-demo,5,2024-D05-M1,AT3,Atlas Player 3,Atlas FC,90,0,0,2,3,48
2024-demo,5,2024-D05-M2,DY1,Dynamo Player 1,Dynamo Rovers,90,1,0,4,2,37
2024-demo,5,2024-D05-M2,DY2,Dynamo Player 2,Dynamo Rovers,90,1,0,2,3,44
2024-demo,5,2024-D05-M2,DY3,Dynamo Player 3,Dynamo Rovers,90,0,1,2,4,51
2024-demo,5,2024-D05-M2,BO1,Boreal Player 1,Boreal United,90,1,0,4,3,34
2024-demo,5,2024-D05-M2,BO2,Boreal Player 2,Boreal United,90,0,0,1,4,41
2024-demo,5,2024-D05-M2,BO3,Boreal Player 3,Boreal United,90,0,1,2,5,48
2024-demo,6,2024-D06-M1,DY1,Dynamo Player 1,Dynamo Rovers,90,1,0,2,2,39
2024-demo,6,2024-D06-M1,DY2,Dynamo Player 2,Dynamo Rovers,90,0,0,2,3,46
2024-demo,6,2024-D06-M1,DY3,Dynamo Player 3,Dynamo Rovers,90,0,1,3,4,53
2024-demo,6,2024-D06-M1,AT1,Atlas Player 1,Atlas FC,90,0,0,1,3,36
2024-demo,6,2024-D06-M1,AT2,Atlas Player 2,Atlas FC,90,0,0,2,4,43
2024-demo,6,2024-D06-M1,AT3,Atlas Player 3,Atlas FC,90,0,0,3,5,50
2024-demo,6,2024-D06-M2,CO1,Comet Player 1,Comet City,90,1,0,2,3,39
2024-demo,6,2024-D06-M2,CO2,Comet Player 2,Comet City,90,1,0,3,4,46
2024-demo,6,2024-D06-M2,CO3,Comet Player 3,Comet City,90,1,1,4,5,53
2024-demo,6,2024-D06-M2,BO1,Boreal Player 1,Boreal United,90,1,0,2,5,36
2024-demo,6,2024-D06-M2,BO2,Boreal Player 2,Boreal United,90,0,0,2,1,43
2024-demo,6,2024-D06-M2,BO3,Boreal Player 3,Boreal United,90,0,1,3,2,50
2024-demo,7,2024-D07-M1,AT1,Atlas Player 1,Atlas FC,90,1,0,3,3,41
2024-demo,7,2024-D07-M1,AT2,Atlas Player 2,Atlas FC,90,1,0,4,4,48
2024-demo,7,2024-D07-M1,AT3,Atlas Player 3,Atlas FC,90,0,1,1,5,55
2024-demo,7,2024-D07-M1,BO1,Boreal Player 1,Boreal United,90,0,0,2,5,38
2024-demo,7,2024-D07-M1,BO2,Boreal Player 2,Boreal United,90,0,0,3,1,45
2024-demo,7,2024-D07-M1,BO3,Boreal Player 3,Boreal United,90,0,0,1,2,52
2024-demo,7,2024-D07-M2,CO1,Comet Player 1,Comet City,90,0,0,2,4,41
2024-demo,7,2024-D07-M2,CO2,Comet Player 2,Comet City,90,0,0,3,5,48
2024-demo,7,2024-D07-M2,CO3,Comet Player 3,Comet City,90,0,0,1,1,55
2024-demo,7,2024-D07-M2,DY1,Dynamo Player 1,Dynamo Rovers,90,1,0,3,3,38
2024-demo,7,2024-D07-M2,DY2,Dynamo Player 2,Dynamo Rovers,90,0,0,3,4,45
2024-demo,7,2024-D07-M2,DY3,Dynamo Player 3,Dynamo Rovers,90,0,1,1,5,52
2024-demo,8,2024-D08-M1,AT1,Atlas Player 1,Atlas FC,90,1,0,4,4,43
2024-demo,8,2024-D08-M1,AT2,Atlas Player 2,Atlas FC,90,1,0,2,5,50
2024-demo,8,2024-D08-M1,AT3,Atlas Player 3,Atlas FC,90,1,1,3,1,57
2024-demo,8,2024-D08-M1,CO1,Comet Player 1,Comet City,90,0,0,3,2,40
2024-demo,8,2024-D08-M1,CO2,Comet Player 2,Comet City,90,0,0,1,3,47
2024-demo,8,2024-D08-M1,CO3,Comet Player 3,Comet City,90,0,0,2,4,54
2024-demo,8,2024-D08-M2,BO1,Boreal Player 1,Boreal United,90,1,0,4,5,43
2024-demo,8,2024-D08-M2,BO2,Boreal Player 2,Boreal United,90,0,0,1,1,50
2024-demo,8,2024-D08-M2,BO3,Boreal Player 3,Boreal United,90,0,1,2,2,57
2024-demo,8,2024-D08-M2,DY1,Dynamo Player 1,Dynamo Rovers,90,1,0,4,5,40
2024-demo,8,2024-D08-M2,DY2,Dynamo Player 2,Dynamo Rovers,90,0,0,1,1,47
2024-demo,8,2024-D08-M2,DY3,Dynamo Player 3,Dynamo Rovers,90,0,1,2,2,54
2024-demo,9,2024-D09-M1,AT1,Atlas Player 1,Atlas FC,90,0,0,1,5,45
2024-demo,9,2024-D09-M1,AT2,Atlas Player 2,Atlas FC,90,0,0,2,1,52
2024-demo,9,2024-D09-M1,AT3,Atlas Player 3,Atlas FC,90,0,0,3,2,59
2024-demo,9,2024-D09-M1,DY1,Dynamo Player 1,Dynamo Rovers,90,0,0,1,5,42
2024-demo,9,2024-D09-M1,DY2,Dynamo Player 2,Dynamo Rovers,90,0,0,2,1,49
2024-demo,9,2024-D09-M1,DY3,Dynamo Player 3,Dynamo Rovers,90,0,0,3,2,56
2024-demo,9,2024-D09-M2,BO1,Boreal Player 1,Boreal United,90,1,0,2,1,45
2024-demo,9,2024-D09-M2,BO2,Boreal Player 2,Boreal United,90,1,0,3,2,52
2024-demo,9,2024-D09-M2,BO3,Boreal Player 3,Boreal United,90,0,1,3,3,59
2024-demo,9,2024-D09-M2,CO1,Comet Player 1,Comet City,90,1,0,2,2,42
2024-demo,9,2024-D09-M2,CO2,Comet Player 2,Comet City,90,0,0,2,3,49
2024-demo,9,2024-D09-M2,CO3,Comet Player 3,Comet City,90,0,1,3,4,56
2024-demo,10,2024-D10-M1,BO1,Boreal Player 1,Boreal United,90,1,0,3,1,47
2024-demo,10,2024-D10-M1,BO2,Boreal Player 2,Boreal United,90,0,0,3,2,54
2024-demo,10,2024-D10-M1,BO3,Boreal Player 3,Boreal United,90,0,1,1,3,61
2024-demo,10,2024-D10-M1,AT1,Atlas Player 1,Atlas FC,90,0,0,2,2,44
2024-demo,10,2024-D10-M1,AT2,Atlas Player 2,Atlas FC,90,0,0,3,3,51
2024-demo,10,2024-D10-M1,AT3,Atlas Player 3,Atlas FC,90,0,0,1,4,58
2024-demo,10,2024-D10-M2,DY1,Dynamo Player 1,Dynamo Rovers,90,1,0,3,2,47
2024-demo,10,2024-D10-M2,DY2,Dynamo Player 2,Dynamo Rovers,90,1,0,4,3,54
2024-demo,10,2024-D10-M2,DY3,Dynamo Player 3,Dynamo Rovers,90,1,1,2,4,61
2024-demo,10,2024-D10-M2,CO1,Comet Player 1,Comet City,90,1,0,3,4,44
2024-demo,10,2024-D10-M2,CO2,Comet Player 2,Comet City,90,0,0,3,5,51
2024-demo,10,2024-D10-M2,CO3,Comet Player 3,Comet City,90,0,1,1,1,58
2025-demo,1,2025-D01-M1,AT1,Atlas Player 1,Atlas FC,90,1,0,3,4,29
2025-demo,1,2025-D01-M1,AT2,Atlas Player 2,Atlas FC,90,0,0,3,5,36
2025-demo,1,2025-D01-M1,AT3,Atlas Player 3,Atlas FC,90,0,1,1,1,43
2025-demo,1,2025-D01-M1,BO1,Boreal Player 1,Boreal United,90,1,0,3,3,26
2025-demo,1,2025-D01-M1,BO2,Boreal Player 2,Boreal United,90,1,0,4,4,33
2025-demo,1,2025-D01-M1,BO3,Boreal Player 3,Boreal United,90,0,1,1,5,40
2025-demo,1,2025-D01-M2,CO1,Comet Player 1,Comet City,90,1,0,3,2,29
2025-demo,1,2025-D01-M2,CO2,Comet Player 2,Comet City,90,1,0,4,3,36
2025-demo,1,2025-D01-M2,CO3,Comet Player 3,Comet City,90,1,1,2,4,43
2025-demo,1,2025-D01-M2,DY1,Dynamo Player 1,Dynamo Rovers,90,0,0,2,5,26
2025-demo,1,2025-D01-M2,DY2,Dynamo Player 2,Dynamo Rovers,90,0,0,3,1,33
2025-demo,1,2025-D01-M2,DY3,Dynamo Player 3,Dynamo Rovers,90,0,0,1,2,40
2025-demo,2,2025-D02-M1,AT1,Atlas Player 1,Atlas FC,90,1,0,4,5,31
2025-demo,2,2025-D02-M1,AT2,Atlas Player 2,Atlas FC,90,1,0,2,1,38
2025-demo,2,2025-D02-M1,AT3,Atlas Player 3,Atlas FC,90,0,1,2,2,45
2025-demo,2,2025-D02-M1,CO1,Comet Player 1,Comet City,90,1,0,4,5,28
2025-demo,2,2025-D02-M1,CO2,Comet Player 2,Comet City,90,1,0,2,1,35
2025-demo,2,2025-D02-M1,CO3,Comet Player 3,Comet City,90,0,1,2,2,42
2025-demo,2,2025-D02-M2,BO1,Boreal Player 1,Boreal United,90,0,0,3,3,31
2025-demo,2,2025-D02-M2,BO2,Boreal Player 2,Boreal United,90,0,0,1,4,38
2025-demo,2,2025-D02-M2,BO3,Boreal Player 3,Boreal United,90,0,0,2,5,45
2025-demo,2,2025-D02-M2,DY1,Dynamo Player 1,Dynamo Rovers,90,0,0,3,3,28
2025-demo,2,2025-D02-M2,DY2,Dynamo Player 2,Dynamo Rovers,90,0,0,1,4,35
2025-demo,2,2025-D02-M2,DY3,Dynamo Player 3,Dynamo Rovers,90,0,0,2,5,42
2025-demo,3,2025-D03-M1,AT1,Atlas Player 1,Atlas FC,90,1,0,2,1,33
2025-demo,3,2025-D03-M1,AT2,Atlas Player 2,Atlas FC,90,1,0,3,2,40
2025-demo,3,2025-D03-M1,AT3,Atlas Player 3,Atlas FC,90,1,1,4,3,47
2025-demo,3,2025-D03-M1,DY1,Dynamo Player 1,Dynamo Rovers,90,1,0,2,2,30
2025-demo,3,2025-D03-M1,DY2,Dynamo Player 2,Dynamo Rovers,90,1,0,3,3,37
2025-demo,3,2025-D03-M1,DY3,Dynamo Player 3,Dynamo Rovers,90,0,1,3,4,44
2025-demo,3,2025-D03-M2,BO1,Boreal Player 1,Boreal United,90,1,0,2,4,33
2025-demo,3,2025-D03-M2,BO2,Boreal Player 2,Boreal United,90,0,0,2,5,40
2025-demo,3,2025-D03-M2,BO3,Boreal Player 3,Boreal United,90,0,1,3,1,47
2025-demo,3,2025-D03-M2,CO1,Comet Player 1,Comet City,90,0,0,1,5,30
2025-demo,3,2025-D03-M2,CO2,Comet Player 2,Comet City,90,0,0,2,1,37
2025-demo,3,2025-D03-M2,CO3,Comet Player 3,Comet City,90,0,0,3,2,44
2025-demo,4,2025-D04-M1,BO1,Boreal Player 1,Boreal United,90,0,0,2,2,35
2025-demo,4,2025-D04-M1,BO2,Boreal Player 2,Boreal United,90,0,0,3,3,42
2025-demo,4,2025-D04-M1,BO3,Boreal Player 3,Boreal United,90,0,0,1,4,49
2025-demo,4,2025-D04-M1,AT1,Atlas Player 1,Atlas FC,90,1,0,3,5,32
2025-demo,4,2025-D04-M1,AT2,Atlas Player 2,Atlas FC,90,1,0,4,1,39
2025-demo,4,2025-D04-M1,AT3,Atlas Player 3,Atlas FC,90,0,1,1,2,46
2025-demo,4,2025-D04-M2,DY1,Dynamo Player 1,Dynamo Rovers,90,1,0,3,5,35
2025-demo,4,2025-D04-M2,DY2,Dynamo Player 2,Dynamo Rovers,90,1,0,4,1,42
2025-demo,4,2025-D04-M2,DY3,Dynamo Player 3,Dynamo Rovers,90,0,1,1,2,49
2025-demo,4,2025-D04-M2,CO1,Comet Player 1,Comet City,90,0,0,2,2,32
2025-demo,4,2025-D04-M2,CO2,Comet Player 2,Comet City,90,0,0,3,3,39
2025-demo,4,2025-D04-M2,CO3,Comet Player 3,Comet City,90,0,0,1,4,46
2025-demo,5,2025-D05-M1,CO1,Comet Player 1,Comet City,90,1,0,4,3,37
2025-demo,5,2025-D05-M1,CO2,Comet Player 2,Comet City,90,0,0,1,4,44
2025-demo,5,2025-D05-M1,CO3,Comet Player 3,Comet City,90,0,1,2,5,51
2025-demo,5,2025-D05-M1,AT1,Atlas Player 1,Atlas FC,90,1,0,4,2,34
2025-demo,5,2025-D05-M1,AT2,Atlas Player 2,Atlas FC,90,1,0,2,3,41
2025-demo,5,2025-D05-M1,AT3,Atlas Player 3,Atlas FC,90,0,1,2,4,48
2025-demo,5,2025-D05-M2,DY1,Dynamo Player 1,Dynamo Rovers,90,1,0,4,1,37
2025-demo,5,2025-D05-M2,DY2,Dynamo Player 2,Dynamo Rovers,90,1,0,2,2,44
2025-demo,5,2025-D05-M2,DY3,Dynamo Player 3,Dynamo Rovers,90,1,1,3,3,51
2025-demo,5,2025-D05-M2,BO1,Boreal Player 1,Boreal United,90,0,0,3,4,34
2025-demo,5,2025-D05-M2,BO2,Boreal Player 2,Boreal United,90,0,0,1,5,41
2025-demo,5,2025-D05-M2,BO3,Boreal Player 3,Boreal United,90,0,0,2,1,48
2025-demo,6,2025-D06-M1,DY1,Dynamo Player 1,Dynamo Rovers,90,1,0,2,4,39
2025-demo,6,2025-D06-M1,DY2,Dynamo Player 2,Dynamo Rovers,90,1,0,3,5,46
2025-demo,6,2025-D06-M1,DY3,Dynamo Player 3,Dynamo Rovers,90,0,1,3,1,53
2025-demo,6,2025-D06-M1,AT1,Atlas Player 1,Atlas FC,90,1,0,2,4,36
2025-demo,6,2025-D06-M1,AT2,Atlas Player 2,Atlas FC,90,1,0,3,5,43
2025-demo,6,2025-D06-M1,AT3,Atlas Player 3,Atlas FC,90,0,1,3,1,50
2025-demo,6,2025-D06-M2,CO1,Comet Player 1,Comet City,90,0,0,1,2,39
2025-demo,6,2025-D06-M2,CO2,Comet Player 2,Comet City,90,0,0,2,3,46
2025-demo,6,2025-D06-M2,CO3,Comet Player 3,Comet City,90,0,0,3,4,53
2025-demo,6,2025-D06-M2,BO1,Boreal Player 1,Boreal United,90,0,0,1,2,36
2025-demo,6,2025-D06-M2,BO2,Boreal Player 2,Boreal United,90,0,0,2,3,43
2025-demo,6,2025-D06-M2,BO3,Boreal Player 3,Boreal United,90,0,0,3,4,50
2025-demo,7,2025-D07-M1,AT1,Atlas Player 1,Atlas FC,90,1,0,3,5,41
2025-demo,7,2025-D07-M1,AT2,Atlas Player 2,Atlas FC,90,1,0,4,1,48
2025-demo,7,2025-D07-M1,AT3,Atlas Player 3,Atlas FC,90,1,1,2,2,55
2025-demo,7,2025-D07-M1,BO1,Boreal Player 1,Boreal United,90,1,0,3,1,38
2025-demo,7,2025-D07-M1,BO2,Boreal Player 2,Boreal United,90,1,0,4,2,45
2025-demo,7,2025-D07-M1,BO3,Boreal Player 3,Boreal United,90,0,1,1,3,52
2025-demo,7,2025-D07-M2,CO1,Comet Player 1,Comet City,90,1,0,3,3,41
2025-demo,7,2025-D07-M2,CO2,Comet Player 2,Comet City,90,0,0,3,4,48
2025-demo,7,2025-D07-M2,CO3,Comet Player 3,Comet City,90,0,1,1,5,55
2025-demo,7,2025-D07-M2,DY1,Dynamo Player 1,Dynamo Rovers,90,0,0,2,4,38
2025-demo,7,2025-D07-M2,DY2,Dynamo Player 2,Dynamo Rovers,90,0,0,3,5,45
2025-demo,7,2025-D07-M2,DY3,Dynamo Player 3,Dynamo Rovers,90,0,0,1,1,52
2025-demo,8,2025-D08-M1,AT1,Atlas Player 1,Atlas FC,90,0,0,3,1,43
2025-demo,8,2025-D08-M1,AT2,Atlas Player 2,Atlas FC,90,0,0,1,2,50
2025-demo,8,2025-D08-M1,AT3,Atlas Player 3,Atlas FC,90,0,0,2,3,57
2025-demo,8,2025-D08-M1,CO1,Comet Player 1,Comet City,90,1,0,4,4,40
2025-demo,8,2025-D08-M1,CO2,Comet Player 2,Comet City,90,1,0,2,5,47
2025-demo,8,2025-D08-M1,CO3,Comet Player 3,Comet City,90,0,1,2,1,54
2025-demo,8,2025-D08-M2,BO1,Boreal Player 1,Boreal United,90,1,0,4,4,43
2025-demo,8,2025-D08-M2,BO2,Boreal Player 2,Boreal United,90,1,0,2,5,50
2025-demo,8,2025-D08-M2,BO3,Boreal Player 3,Boreal United,90,0,1,2,1,57
2025-demo,8,2025-D08-M2,DY1,Dynamo Player 1,Dynamo Rovers,90,0,0,3,1,40
2025-demo,8,2025-D08-M2,DY2,Dynamo Player 2,Dynamo Rovers,90,0,0,1,2,47
2025-demo,8,2025-D08-M2,DY3,Dynamo Player 3,Dynamo Rovers,90,0,0,2,3,54
2025-demo,9,2025-D09-M1,AT1,Atlas Player 1,Atlas FC,90,1,0,2,2,45
2025-demo,9,2025-D09-M1,AT2,Atlas Player 2,Atlas FC,90,0,0,2,3,52
2025-demo,9,2025-D09-M1,AT3,Atlas Player 3,Atlas FC,90,0,1,3,4,59
2025-demo,9,2025-D09-M1,DY1,Dynamo Player 1,Dynamo Rovers,90,1,0,2,1,42
2025-demo,9,2025-D09-M1,DY2,Dynamo Player 2,Dynamo Rovers,90,1,0,3,2,49
2025-demo,9,2025-D09-M1,DY3,Dynamo Player 3,Dynamo Rovers,90,0,1,3,3,56
2025-demo,9,2025-D09-M2,BO1,Boreal Player 1,Boreal United,90,1,0,2,5,45
2025-demo,9,2025-D09-M2,BO2,Boreal Player 2,Boreal United,90,1,0,3,1,52
2025-demo,9,2025-D09-M2,BO3,Boreal Player 3,Boreal United,90,1,1,4,2,59
2025-demo,9,2025-D09-M2,CO1,Comet Player 1,Comet City,90,0,0,1,3,42
2025-demo,9,2025-D09-M2,CO2,Comet Player 2,Comet City,90,0,0,2,4,49
2025-demo,9,2025-D09-M2,CO3,Comet Player 3,Comet City,90,0,0,3,5,56
2025-demo,10,2025-D10-M1,BO1,Boreal Player 1,Boreal United,90,1,0,3,3,47
2025-demo,10,2025-D10-M1,BO2,Boreal Player 2,Boreal United,90,1,0,4,4,54
2025-demo,10,2025-D10-M1,BO3,Boreal Player 3,Boreal United,90,0,1,1,5,61
2025-demo,10,2025-D10-M1,AT1,Atlas Player 1,Atlas FC,90,1,0,3,3,44
2025-demo,10,2025-D10-M1,AT2,Atlas Player 2,Atlas FC,90,1,0,4,4,51
2025-demo,10,2025-D10-M1,AT3,Atlas Player 3,Atlas FC,90,0,1,1,5,58
2025-demo,10,2025-D10-M2,DY1,Dynamo Player 1,Dynamo Rovers,90,0,0,2,1,47
2025-demo,10,2025-D10-M2,DY2,Dynamo Player 2,Dynamo Rovers,90,0,0,3,2,54
2025-demo,10,2025-D10-M2,DY3,Dynamo Player 3,Dynamo Rovers,90,0,0,1,3,61
2025-demo,10,2025-D10-M2,CO1,Comet Player 1,Comet City,90,0,0,2,1,44
2025-demo,10,2025-D10-M2,CO2,Comet Player 2,Comet City,90,0,0,3,2,51
2025-demo,10,2025-D10-M2,CO3,Comet Player 3,Comet City,90,0,0,1,3,58
